run,mcs,phase,is_growth_window,tumor_cells,normal_cells,hypoxic_cells,necrotic_cells,tumor_like_cells,hypoxic_fraction,necrotic_fraction,avg_tumor_volume,total_tumor_volume,avg_tumor_target_volume,avg_tumor_volume_growth_rate,avg_tumor_target_growth_rate,total_tumor_volume_growth_rate,mean_tumor_oxygen,mean_tumor_vegf,mean_tumor_vegf1,mean_tumor_vegf2,mean_tumor_hif1a,mean_tumor_vegf_drive,mean_hif_vegf2_boost
5,0,growth,1,204,204,0,0,204,0.0,0.0,16.0,3264.0,22.5,0.0,0.0,0.0,0.0,0.0,0.0,0.0,0.04,0.0326349717969379,0.0195809830781627
5,10,growth,1,204,204,0,0,204,0.0,0.0,17.892156862745097,3650.0,22.5,0.1892156862745098,0.0,38.6,0.0003647600912606,0.0,0.0,0.0,0.3449589020615876,0.5028916428904878,0.3017349857342927
5,20,growth,1,204,204,0,0,204,0.0,0.0,19.024509803921568,3881.0,22.5,0.113235294117647,0.0,23.1,0.0628377079456364,0.0,0.0,0.0,0.5271656838280543,0.7001772668214922,0.4201063600928953
5,30,growth,1,204,204,0,0,204,0.0,0.0,19.75,4029.0,22.5,0.0725490196078431,0.0,14.8,0.3641640951345656,0.0,0.0,0.0,0.6331996355568985,0.7706402459706532,0.4623841475823919
5,40,growth,1,204,204,0,0,204,0.0,0.0,20.323529411764707,4146.0,22.5,0.0573529411764705,0.0,11.7,0.8326254244711176,0.0,0.0,0.0,0.6905100711357592,0.7996020082538134,0.479761204952288
5,50,growth,1,204,204,0,0,204,0.0,0.0,20.720588235294116,4227.0,22.5,0.0397058823529411,0.0,8.1,1.4335417125154943,0.0,0.0,0.0,0.7172666533057935,0.8112509430545267,0.486750565832716
5,60,growth,1,204,204,0,0,204,0.0,0.0,20.96078431372549,4276.0,22.5,0.0240196078431372,0.0,4.9,2.1382305326268956,0.0,0.0,0.0,0.7247773487220845,0.81400241916998,0.4884014515019879
5,70,growth,1,204,204,0,0,204,0.0,0.0,21.166666666666668,4318.0,22.5,0.0205882352941176,0.0,4.2,2.895161352394258,0.0,0.0,0.0,0.720659523549929,0.8116533712299778,0.4869920227379867
5,80,growth,1,204,204,0,0,204,0.0,0.0,21.225490196078432,4330.0,22.5,0.0058823529411764,0.0,1.2,3.657296380429876,0.0,0.0,0.0,0.7096434628981908,0.8060740202064625,0.4836444121238774
5,90,growth,1,204,204,0,0,204,0.0,0.0,21.318627450980394,4349.0,22.5,0.009313725490196,0.0,1.9,4.463471006967273,0.0,0.0,0.0,0.695054406520645,0.7985386958635219,0.4791232175181131
5,100,growth,1,204,204,0,0,204,0.0,0.0,21.455882352941178,4377.0,22.5,0.0137254901960784,0.0,2.8,5.238168088682726,0.0,0.0,0.0,0.6789451137654909,0.7898666503769167,0.47391999022615
5,110,growth,1,204,204,0,0,204,0.0,0.0,21.475490196078432,4381.0,22.5,0.0019607843137254,0.0,0.4,5.905117934241014,0.0,2.472879642926148e-46,0.0,0.6625333003011769,0.7806117683020783,0.468367060981247
5,120,growth,1,204,204,0,0,204,0.0,0.0,21.49019607843137,4384.0,22.5,0.0014705882352941,0.0,0.3,6.538697401682536,0.0,2.756573890850731e-44,0.0,0.6471487304926957,0.771548520465619,0.4629291122793713
5,130,growth,1,204,204,0,0,204,0.0,0.0,21.50980392156863,4388.0,22.5,0.0019607843137254,0.0,0.4,7.096078191025584,0.0,3.970723449976874e-42,0.0,0.6327152556450987,0.762704501624579,0.4576227009747474
5,140,growth,1,204,204,0,0,204,0.0,0.0,21.5,4386.0,22.5,-0.0009803921568627,0.0,-0.2,7.611618231908948,0.0,1.5018377137473546e-40,0.0,0.6197204269928013,0.7544846041499639,0.4526907624899783
5,150,growth,1,204,204,0,0,204,0.0,0.0,21.602941176470587,4407.0,22.5,0.0102941176470588,0.0,2.1,8.139180192176033,0.0,1.707342387580486e-38,0.0,0.60763315727037,0.7465963498611871,0.4479578099167122
5,160,growth,1,204,204,0,0,204,0.0,0.0,21.49019607843137,4384.0,22.5,-0.0112745098039215,0.0,-2.3,8.524536898323134,0.0,7.782857117579494e-38,0.0,0.5969491348086513,0.7394391127205935,0.4436634676323561
5,170,growth,1,204,204,0,0,204,0.0,0.0,21.519607843137255,4390.0,22.5,0.0029411764705882,0.0,0.6,8.915631796215095,0.0,1.8115408444132187e-36,0.0,0.5876825533725784,0.7330930510930352,0.4398558306558211
5,180,growth,1,204,204,0,0,204,0.0,0.0,21.544117647058822,4395.0,22.5,0.0024509803921568,0.0,0.5,9.273441487083248,0.0,5.144935023105914e-35,0.0,0.5792787761522323,0.7272341457890292,0.4363404874734175
5,190,growth,1,204,204,0,0,204,0.0,0.0,21.62745098039216,4412.0,22.5,0.0083333333333333,0.0,1.7,9.610397160053251,0.0,5.513831884960915e-34,0.0,0.571675327578766,0.7218243223460279,0.4330945934076167
5,200,growth,1,204,204,0,0,204,0.0,0.0,21.59803921568627,4406.0,22.5,-0.0029411764705882,0.0,-0.6,9.834523364609362,0.0,3.381764231723454e-33,0.0,0.5649679372291844,0.7169995271015801,0.430199716260948
5,210,growth,1,204,204,0,0,204,0.0,0.0,21.544117647058822,4395.0,22.5,-0.005392156862745,0.0,-1.1,10.059226126063104,0.0,1.989627281441505e-32,0.0,0.5591952621200714,0.7128221337058284,0.427693280223497
5,220,growth,1,204,204,0,0,204,0.0,0.0,21.50980392156863,4388.0,22.5,-0.0034313725490196,0.0,-0.7,10.29809295429903,0.0,1.2942559043399775e-31,0.0,0.5542200307607448,0.7091933628105015,0.4255160176863009
5,230,growth,1,204,204,0,0,204,0.0,0.0,21.455882352941178,4377.0,22.5,-0.005392156862745,0.0,-1.1,10.445534350240932,0.0,3.9169329703389656e-31,0.0,0.5497883308947453,0.7059390831471477,0.4235634498882886
5,240,growth,1,204,204,0,0,204,0.0,0.0,21.49019607843137,4384.0,22.5,0.0034313725490196,0.0,0.7,10.670978003272824,0.0,2.0130304272443716e-30,0.0,0.5457373016339988,0.7029305630450701,0.421758337827042
5,250,growth,1,204,204,0,0,204,0.0,0.0,21.55392156862745,4397.0,22.5,0.0063725490196078,0.0,1.3,10.835571334642523,0.0,4.8158460173403594e-30,0.0,0.5421876441164944,0.7002693170708096,0.4201615902424858
5,260,growth,1,204,204,0,0,204,0.0,0.0,21.544117647058822,4395.0,22.5,-0.0009803921568627,0.0,-0.2,10.950753261645636,0.0,1.3961292151388245e-29,0.0,0.5390484421191286,0.6979240749577924,0.4187544449746754
5,270,growth,1,204,204,0,0,204,0.0,0.0,21.44607843137255,4375.0,22.5,-0.0098039215686274,0.0,-2.0,11.070942169311,0.0,5.178880044192875e-29,0.0,0.5362594698828643,0.6958539671703059,0.4175123803021835
5,280,growth,1,204,204,0,0,204,0.0,0.0,21.504901960784313,4387.0,22.5,0.0058823529411764,0.0,1.2,11.197526035355589,0.0,1.0224374013604178e-28,0.0,0.5337567086676537,0.693982092697234,0.4163892556183404
5,290,growth,1,204,204,0,0,204,0.0,0.0,21.534313725490197,4393.0,22.5,0.0029411764705882,0.0,0.6,11.308665184413686,0.0,2.963757873601871e-28,0.0,0.5311983122930304,0.6920343553977685,0.415220613238661
5,300,growth,1,204,204,0,0,204,0.0,0.0,21.62254901960784,4411.0,22.5,0.0088235294117647,0.0,1.8,11.412198598478357,0.0,8.653081584552012e-28,0.0,0.5289529720754571,0.6902768827596093,0.4141661296557655
5,310,growth,1,204,0,109,95,204,0.5343137254901961,0.4656862745098039,21.205882352941178,4326.0,13.54166036493638,-0.0416666666666666,-0.895833963506362,-8.5,12.424497192981196,2.742344823172864,7.7183737648691255e-28,2.742344823172864,0.5212150624637013,0.6855886387761726,0.4113531832657035
5,320,growth,1,196,0,107,89,196,0.5459183673469388,0.4540816326530612,20.244897959183675,3968.0,15.379388964906031,-0.1826530612244898,0.1285007768747758,-35.8,13.00025918532391,5.570894974835065,1.2199599882186072e-28,5.570894974835065,0.5097455952842278,0.6784698596611412,0.4070819157966847
5,330,growth,1,167,0,106,61,167,0.6347305389221557,0.3652694610778443,22.251497005988025,3716.0,19.67033297144724,-0.1508982035928143,0.1620271671318008,-25.2,13.577428806327774,8.902287537466266,6.02360495529153e-29,8.902287537466266,0.4945435953231849,0.66683443486055,0.40010066091633
5,340,growth,1,120,0,101,19,120,0.8416666666666667,0.1583333333333333,30.125,3615.0,28.51429370244344,-0.0841666666666666,0.1139746983846028,-10.1,14.85606898466746,12.288262685139976,1.3199055892201911e-28,12.288262685139976,0.4671076178261882,0.6432921021875464,0.3859752613125278
5,350,growth,1,103,0,100,3,103,0.970873786407767,0.029126213592233,35.019417475728154,3607.0,35.6628049091228,-0.0077669902912621,0.244226855676151,-0.8,15.800445065915008,14.593076835558252,1.0978478667034814e-28,14.593076835558252,0.4531797934284144,0.6306872906478093,0.3784123743886855
5,360,growth,1,100,2,98,0,100,0.98,0.0,36.81,3681.0,39.57781265258789,0.074,0.2845123596191406,7.4,16.447622833251952,16.29631851196289,3.033009181692488e-28,16.29631851196289,0.4486148944162608,0.6261166775341882,0.3756700065205129
5,370,growth,1,100,9,91,0,100,0.91,0.0,39.0,3900.0,42.38393695831299,0.219,0.2806124305725098,21.9,17.13244309425354,17.33737205505371,1.34573942135981e-27,17.33737205505371,0.4447762492581569,0.6218889484612382,0.3731333690767429
5,380,growth,1,100,17,83,0,100,0.83,0.0,41.58,4158.0,45.07511157989502,0.258,0.2691174621582031,25.8,17.74879006385803,17.78936587333679,1.0019656088154478e-26,17.78936587333679,0.4394857987048082,0.616122574610365,0.369673544766219
5,390,growth,1,100,25,75,0,100,0.75,0.0,44.08,4408.0,47.604167442321774,0.25,0.2529055862426758,25.0,18.17347498893738,17.9083762550354,4.9610484810250413e-26,17.9083762550354,0.4340859753709695,0.6101627773950444,0.3660976664370266
5,400,growth,1,121,35,86,0,121,0.7107438016528925,0.0,38.35537190082645,4641.0,40.18490442953819,0.1925619834710744,0.0842617287123498,23.3,18.97745406726175,17.26920611799256,2.143772159174371e-25,17.26920611799256,0.4242188131577343,0.5995312812954708,0.3597187687772825
5,410,growth,1,163,44,119,0,163,0.7300613496932515,0.0,28.6319018404908,4667.0,30.322570660362945,0.0159509202453987,0.0492058783221098,2.6,18.876271323923685,17.627255100414065,3.60160570965335e-25,17.627255100414065,0.4216381482819337,0.5969727208434842,0.3581836325060905
5,420,growth,1,189,45,144,0,189,0.7619047619047619,0.0,25.349206349206348,4791.0,27.512734458560036,0.0656084656084656,0.1361522725019505,12.4,18.195478646212784,18.737258371221955,5.806755185277305e-25,18.737258371221955,0.4272413120346873,0.602488848050756,0.3614933088304535
5,430,growth,1,190,47,143,0,190,0.7526315789473684,0.0,26.2,4978.0,29.755726643612512,0.0984210526315789,0.2387796050623843,18.7,18.351982166892604,18.819824078208523,1.773488111470998e-24,18.819824078208523,0.4256875433423897,0.6004912292765661,0.3602947375659396
5,440,growth,1,193,54,139,0,193,0.7202072538860104,0.0,27.295336787564768,5268.0,31.58125275527875,0.1502590673575129,0.2288050360012548,29.0,18.765102238235077,18.655191233738716,9.023035055199604e-24,18.655191233738716,0.4232492773782713,0.5973875708071035,0.3584325424842621
5,450,growth,1,195,64,131,0,195,0.6717948717948717,0.0,28.68717948717949,5594.0,33.49290958306728,0.1671794871794872,0.2235567112458057,32.6,19.175994266607823,18.38202613928379,3.876347638852413e-23,18.38202613928379,0.4204818253691252,0.5938337211996664,0.3563002327197998
5,460,growth,1,198,74,124,0,198,0.6262626262626263,0.0,30.24242424242424,5988.0,35.113637847129745,0.198989898989899,0.2128196591078633,39.4,19.665761379280475,17.970965929705688,3.673721511366312e-22,17.970965929705688,0.4170212518510578,0.5893887201851691,0.3536332321111014
5,470,growth,1,200,82,118,0,200,0.59,0.0,31.985,6397.0,36.845090808868406,0.2045,0.2082589340209961,40.9,20.08172003746033,17.47397169113159,1.6509134511948777e-21,17.47397169113159,0.4136594164610938,0.5849525697123967,0.350971541827438
5,480,growth,1,200,85,111,4,200,0.555,0.02,33.895,6779.0,38.20986325263977,0.191,0.1364772443771362,38.2,20.227804770469664,17.25725105524063,4.6636284349104015e-21,17.25725105524063,0.4114426524370435,0.5818028620143969,0.3490817172086381
5,490,growth,1,197,88,100,9,197,0.5076142131979695,0.0456852791878172,36.55329949238579,7201.0,39.202566146850586,0.2142131979695431,0.0410826804069093,42.2,20.37736433774687,17.0262067378475,2.2621866354624963e-20,17.0262067378475,0.4084177613999328,0.5778138697721336,0.3466883218632801
5,500,growth,1,216,89,113,14,216,0.5231481481481481,0.0648148148148148,34.75925925925926,7508.0,35.17722890112135,0.1421296296296296,-0.057696337170071,30.7,20.2124766420435,16.991554684109158,3.5554556932920144e-20,16.991554684109158,0.4066558231400958,0.5759166652673775,0.3455499991604265
5,510,growth,1,286,79,179,28,286,0.6258741258741258,0.0979020979020979,26.47902097902098,7573.0,25.563439956078163,0.0227272727272727,-0.1003977675537963,6.5,18.254704788848237,18.94512324733334,4.548213887876131e-20,18.94512324733334,0.4205343353795677,0.591805703123046,0.3550834218738276
5,520,growth,1,289,80,164,45,289,0.5674740484429066,0.1557093425605536,26.45328719723183,7645.0,25.64729575054868,0.0249134948096885,0.0349220223080328,7.2,17.70500178485593,19.425231209263256,4.3244619819094156e-20,19.425231209263256,0.4251442094657953,0.5963971167858867,0.357838270071532
5,530,growth,1,290,78,154,58,290,0.5310344827586206,0.2,26.679310344827588,7737.0,25.837265534236515,0.0317241379310344,0.0278408734551791,9.2,17.345558271736934,19.66691220546591,5.107931569132674e-20,19.66691220546591,0.4296233939687234,0.6008309602162804,0.3604985761297682
5,540,growth,1,292,74,149,69,292,0.5102739726027398,0.2363013698630137,26.82191780821918,7832.0,25.641789142399617,0.0325342465753424,-0.001850881968459,9.5,17.121305932737375,19.787943715918555,5.897695233118945e-20,19.787943715918555,0.4327792653785814,0.6038742183982939,0.3623245310389763
5,550,growth,1,290,75,136,79,290,0.4689655172413793,0.2724137931034482,27.20689655172414,7890.0,25.45411070461931,0.02,-0.0364518362900306,5.8,16.888668336539432,19.89796743064091,5.603918204441148e-20,19.89796743064091,0.4357853631996974,0.6067568075928115,0.3640540845556869
5,560,growth,1,284,64,135,85,284,0.4753521126760563,0.2992957746478873,27.820422535211268,7901.0,25.82865529664805,0.0038732394366197,-0.0163218310181523,1.1,16.56843058827897,20.141612899135534,5.218151557908721e-20,20.141612899135534,0.4391414928059508,0.610077423282701,0.3660464539696206
5,570,growth,1,277,59,126,92,277,0.4548736462093863,0.3321299638989169,28.451263537906136,7881.0,26.10208748910401,-0.0072202166064981,-0.0379277508181355,-2.0,16.18748067518434,20.447337067944908,5.624654077025666e-20,20.447337067944908,0.4435898578935033,0.6145805265634454,0.3687483159380672
5,580,growth,1,284,57,126,101,284,0.4436619718309859,0.3556338028169014,27.524647887323944,7817.0,24.706333879014135,-0.0225352112676056,-0.0752392298738721,-6.4,15.6922128200531,20.86580363125868,3.976784601758979e-20,20.86580363125868,0.4486874252228494,0.6201075651341545,0.3720645390804927
5,590,growth,1,319,54,151,114,319,0.4733542319749216,0.3573667711598746,24.141065830721004,7701.0,21.507572915486783,-0.0363636363636363,-0.0488034675861227,-11.6,15.014479176751498,21.470113539023085,2.8061320135636403e-20,21.470113539023085,0.4551577120892517,0.6275977009087834,0.37655862054527
5,600,growth,1,319,51,149,119,319,0.4670846394984326,0.3730407523510972,23.821316614420063,7599.0,21.23346816633936,-0.031974921630094,-0.0274104749147421,-10.2,14.806580175800384,21.551150324950022,2.5343310160637438e-20,21.551150324950022,0.4582800238756029,0.630909190160317,0.3785455140961902
5,610,growth,1,316,50,138,128,316,0.4367088607594936,0.4050632911392405,23.920886075949365,7559.0,21.254274833051465,-0.0126582278481012,-0.0180776891829092,-4.0,14.589162965364094,21.588821296450455,2.062631471829092e-20,21.588821296450455,0.4622750302965482,0.6349557147605756,0.3809734288563453
5,620,growth,1,324,48,140,136,324,0.4320987654320987,0.419753086419753,23.126543209876544,7493.0,20.50107505586412,-0.0203703703703703,-0.0228402867729281,-6.6,14.476096388734415,21.570186373628214,1.8398842811784388e-20,21.570186373628214,0.4647521097836223,0.6375488926911127,0.3825293356146676
5,630,growth,1,322,48,136,138,322,0.422360248447205,0.4285714285714285,22.96273291925466,7394.0,20.25772466126436,-0.0307453416149068,-0.0370686264511961,-9.9,14.349923181237642,21.64545088525144,1.4857805186790464e-20,21.64545088525144,0.4663999384793718,0.639306647764447,0.3835839886586682
5,640,growth,1,324,50,140,134,324,0.4320987654320987,0.4135802469135802,22.395061728395063,7256.0,19.657424767812092,-0.0425925925925925,-0.0475252210358042,-13.8,14.58168214338797,21.448238755449836,1.2869161634503388e-20,21.448238755449836,0.463625277911138,0.6364883652066075,0.3818930191239644
5,650,growth,1,315,48,137,130,315,0.4349206349206349,0.4126984126984127,22.761904761904763,7170.0,20.069585206773542,-0.0273015873015873,-0.0149480268690321,-8.6,14.58929640452067,21.444137978932215,1.379825203264195e-20,21.444137978932215,0.4640490707015183,0.6370009406968213,0.3822005644180928
5,660,growth,1,316,52,140,124,316,0.4430379746835443,0.3924050632911392,22.329113924050635,7056.0,19.67130707487275,-0.0360759493670886,-0.0334766786309737,-11.4,14.967441866669471,21.21537538419796,1.5098977332227666e-20,21.21537538419796,0.4598388933860081,0.6324422553679749,0.3794653532207849
5,670,growth,1,309,50,135,124,309,0.4368932038834951,0.401294498381877,22.521035598705502,6959.0,19.76115560068667,-0.0313915857605178,-0.0355779789798082,-9.7,14.866873534366151,21.40941841779789,1.1487085565070927e-20,21.40941841779789,0.4608415594985323,0.6334938792085559,0.3800963275251335
5,680,growth,1,301,49,136,116,301,0.4518272425249169,0.3853820598006645,22.803986710963457,6864.0,20.409609050053696,-0.0315614617940199,0.0123240011475014,-9.5,14.9910444595489,21.419358472095375,8.360160719222566e-21,21.419358472095375,0.4599069943522169,0.6324660720484673,0.3794796432290803
5,690,growth,1,296,49,137,110,296,0.4628378378378378,0.3716216216216216,22.89527027027027,6777.0,20.53804491017316,-0.0293918918918918,-0.0216321049509821,-8.7,15.058412828960934,21.55027539343447,9.677012629141206e-21,21.55027539343447,0.459006774215336,0.6317119139236997,0.3790271483542198
5,700,growth,1,288,50,129,109,288,0.4479166666666667,0.3784722222222222,23.32986111111111,6719.0,20.873209363884396,-0.0201388888888888,-0.0235336793793572,-5.8,15.05849916074011,21.685249874989193,9.533567301207172e-21,21.685249874989193,0.459110937570678,0.6317075993482197,0.3790245596089318
5,710,growth,1,283,49,127,107,283,0.4487632508833922,0.3780918727915194,23.420494699646643,6628.0,20.88714494469309,-0.0321554770318021,-0.0354849036927779,-9.1,15.012800870430343,21.819336001527603,6.30013313333903e-21,21.819336001527603,0.459307355159419,0.6319980279364761,0.3791988167618856
5,720,growth,1,283,49,127,107,283,0.4487632508833922,0.3780918727915194,23.14487632508834,6550.0,20.495411417930793,-0.0275618374558303,-0.0391733526762298,-7.8,15.047064663243376,21.94055492886385,4.979808401725092e-21,21.94055492886385,0.4592712393616212,0.6321167662165879,0.3792700597299527
5,730,growth,1,288,45,139,104,288,0.4826388888888889,0.3611111111111111,22.427083333333332,6459.0,20.272794716888004,-0.0315972222222222,0.0133206413851843,-9.1,14.917801121870676,22.230394618378742,3.442749428234143e-21,22.230394618378742,0.46010158457396,0.6332677625366094,0.3799606575219657
5,740,growth,1,281,43,137,101,281,0.4875444839857651,0.3594306049822064,22.73665480427046,6389.0,20.94997073407699,-0.0249110320284697,0.0172159778689998,-7.0,14.925256063929655,22.354605657774357,2.546685697439788e-21,22.354605657774357,0.4604073601655449,0.6335989236235683,0.380159354174141
5,750,growth,1,278,43,143,92,278,0.5143884892086331,0.3309352517985611,22.884892086330936,6362.0,21.13427314483862,-0.0097122302158273,-0.0041776410109705,-2.7,15.142028966395976,22.286765348997047,2.54643082342945e-21,22.286765348997047,0.4576313146156072,0.6310125464127224,0.3786075278476334
5,760,growth,1,274,41,138,95,274,0.5036496350364964,0.3467153284671533,23.032846715328468,6311.0,21.394052832666105,-0.0186131386861313,-0.0048749847133664,-5.1,15.093003892550504,22.424884468969637,2.394005750340596e-21,22.424884468969637,0.4584900787051801,0.6318706982495769,0.3791224189497461
5,770,growth,1,259,43,129,87,259,0.4980694980694981,0.3359073359073359,24.285714285714285,6290.0,22.49283776596246,-0.0081081081081081,-0.014025287554531,-2.1,15.210038133569666,22.434630718010272,2.359934414842584e-21,22.434630718010272,0.457258430226452,0.6306772847785375,0.3784063708671225
5,780,growth,1,251,41,130,80,251,0.5179282868525896,0.3187250996015936,25.139442231075694,6310.0,23.30793062339266,0.0079681274900398,0.0098189661702311,2.0,15.399100299850405,22.363155509371207,2.51497049837004e-21,22.363155509371207,0.4551541026904911,0.628631579584173,0.3771789477505038
5,790,growth,1,234,39,122,73,234,0.5213675213675214,0.3119658119658119,26.816239316239315,6275.0,24.881176891489925,-0.0149572649572649,-0.0120064931038098,-3.5,15.41257986655602,22.3717283591246,2.2424317150307373e-21,22.3717283591246,0.4541829376134204,0.6275922002296508,0.3765553201377905
5,800,growth,1,230,36,122,72,230,0.5304347826086957,0.3130434782608696,27.143478260869564,6243.0,24.96256866455078,-0.0139130434782608,-0.0351324346791143,-3.2,15.375508922079336,22.49724879886793,1.7531194854159084e-21,22.49724879886793,0.4538703815029479,0.6273120265113236,0.3763872159067941
5,810,growth,1,237,34,129,74,237,0.5443037974683544,0.3122362869198312,25.970464135021096,6155.0,23.82576955320463,-0.0371308016877637,-0.0399508053743386,-8.8,15.247436873520478,22.731172159251283,1.0911996127074798e-21,22.731172159251283,0.4543092133674791,0.6279061250593875,0.3767436750356325
5,820,growth,1,232,34,131,67,232,0.5646551724137931,0.2887931034482758,26.21551724137931,6082.0,24.399343243960676,-0.0314655172413793,0.0060087277971465,-7.3,15.332315066765094,22.74581615267129,1.0620821935015146e-21,22.74581615267129,0.453224424960893,0.6269737662476459,0.3761842597485875
5,830,growth,1,228,35,132,61,228,0.5789473684210527,0.2675438596491228,26.535087719298247,6050.0,24.643310873132,-0.0140350877192982,-0.0184091024231492,-3.2,15.408007161659109,22.766148897639493,9.332955480177468e-22,22.766148897639493,0.4525033005426159,0.6263975203447235,0.3758385122068341
5,840,growth,1,228,34,135,59,228,0.5921052631578947,0.2587719298245614,26.30263157894737,5997.0,24.831869552009984,-0.0232456140350877,0.0188558678877981,-5.3,15.41383593542534,22.82256767206025,8.574798485822718e-22,22.82256767206025,0.4522564748478667,0.6262512281796224,0.3757507369077734
5,850,growth,1,222,33,130,59,222,0.5855855855855856,0.2657657657657657,26.84234234234234,5959.0,25.110870902602738,-0.0171171171171171,-0.039213025892103,-3.8,15.461084894231847,22.81931316530382,6.249302667708576e-22,22.81931316530382,0.451167910269152,0.6253104753225408,0.3751862851935245
5,860,growth,1,219,36,128,55,219,0.5844748858447488,0.2511415525114155,27.04566210045662,5923.0,25.59826326587973,-0.0164383561643835,0.0143407830364627,-3.6,15.59827380855334,22.68493354919294,6.878955029274178e-22,22.68493354919294,0.4504235924372826,0.624574436245704,0.3747446617474224
5,870,growth,1,213,35,128,50,213,0.6009389671361502,0.2347417840375587,27.769953051643192,5915.0,26.534959721453312,-0.0037558685446009,0.0215618617098096,-0.8,15.647963940257757,22.629203111353053,6.8627092836367045e-22,22.629203111353053,0.4496448708923219,0.6238161676967079,0.3742897006180247
5,880,growth,1,208,32,123,53,208,0.5913461538461539,0.2548076923076923,28.39903846153846,5907.0,27.018027278093193,-0.0038461538461538,-0.0154792052048903,-0.8,15.57060511295612,22.69949543934602,6.590915489305142e-22,22.69949543934602,0.4506645346162977,0.6248121893926774,0.3748873136356064
5,890,growth,1,205,35,118,52,205,0.5756097560975609,0.2536585365853658,28.726829268292683,5889.0,27.2070050774551,-0.008780487804878,-0.0206407965683355,-1.8,15.775584588399749,22.49330818827559,6.531416467506558e-22,22.49330818827559,0.4487633331035482,0.6226740522329717,0.373604431339783
5,900,growth,1,211,39,122,50,211,0.5781990521327014,0.2369668246445497,27.691943127962084,5843.0,26.81383334516914,-0.0218009478672985,0.0380487179869159,-4.6,15.90026461795608,22.367133208360716,7.673395714173719e-22,22.367133208360716,0.4476021937905223,0.6215170139832658,0.3729102083899594
5,910,growth,1,210,36,123,51,210,0.5857142857142857,0.2428571428571428,27.938095238095237,5867.0,26.37613101232619,0.0114285714285714,-0.0565387253534226,2.4,15.966731053306942,22.331045150756836,8.320283187172168e-22,22.331045150756836,0.4467861614225371,0.6207603677541775,0.3724562206525065
5,920,growth,1,205,37,123,45,205,0.6,0.2195121951219512,28.53170731707317,5849.0,27.398681863924352,-0.008780487804878,0.0379230583004835,-1.8,16.0446240634453,22.277061699657907,9.456658034472616e-22,22.277061699657907,0.4453956025877249,0.619285737015414,0.3715714422092483
5,930,growth,1,209,36,127,46,209,0.6076555023923444,0.2200956937799043,27.89952153110048,5831.0,26.794516613608913,-0.0086124401913875,-0.0079788563924543,-1.8,16.175866980301706,22.186098472923753,7.378136310009097e-22,22.186098472923753,0.443868221562739,0.6175749749455908,0.3705449849673544
5,940,growth,1,212,35,135,42,212,0.6367924528301887,0.1981132075471698,27.50943396226415,5832.0,26.296203802216727,0.0004716981132075,-0.0119145123463756,0.1,16.437174140282398,22.05757241429023,8.346031214219144e-22,22.05757241429023,0.441090320355802,0.6148292079929965,0.3688975247957978
5,950,growth,1,215,40,134,41,215,0.6232558139534884,0.1906976744186046,27.13953488372093,5835.0,26.04067277242971,0.0013953488372093,0.0111392744197401,0.3,16.470364956523095,22.201561732624853,1.7576047249331648e-21,22.201561732624853,0.4404848876675726,0.6141367884786503,0.3684820730871901
5,960,growth,1,209,38,130,41,209,0.6220095693779905,0.1961722488038277,28.0622009569378,5865.0,27.111604489778216,0.0143540669856459,0.0323352594695022,3.0,16.516319849844756,22.26696552386124,3.555329244146891e-21,22.26696552386124,0.4405409817920956,0.614075900453397,0.3684455402720382
5,970,growth,1,208,44,124,40,208,0.5961538461538461,0.1923076923076923,28.307692307692307,5888.0,27.79775215112246,0.0110576923076923,0.0555803408989539,2.3,16.692794249607967,22.150355756282806,3.5167007142864605e-21,22.150355756282806,0.4395649783349524,0.6127345709242404,0.3676407425545442
5,980,growth,1,205,47,118,40,205,0.5756097560975609,0.1951219512195122,28.97560975609756,5940.0,27.740009140386817,0.0253658536585365,-0.0464539383678901,5.2,16.943255833881658,21.98390262882884,3.8644605420689184e-21,21.98390262882884,0.4364718889423779,0.609498377603693,0.3656990265622157
5,990,growth,1,213,47,127,39,213,0.596244131455399,0.1830985915492957,27.910798122065728,5945.0,26.95484076307413,0.0023474178403755,0.0256709900260531,0.5,16.874157663802027,22.027338529416653,3.631774918709295e-21,22.027338529416653,0.436346570084525,0.609449693584761,0.3656698161508566
5,1000,growth,1,214,47,126,41,214,0.5887850467289719,0.1915887850467289,27.827102803738317,5955.0,27.15010004845735,0.0046728971962616,0.0321216485210668,1.0,16.744298048108536,22.131270609169363,4.003363803912424e-21,22.131270609169363,0.4381540515772438,0.611313083932767,0.3667878503596601
5,1010,growth,1,214,46,124,44,214,0.5794392523364486,0.205607476635514,28.046728971962615,6002.0,27.077092545054786,0.0219626168224299,-0.0073007503402567,4.7,16.67804055793263,22.16192148333398,3.826470229926766e-21,22.16192148333398,0.4391092716201261,0.6123108931493121,0.3673865358895872
5,1020,growth,1,221,43,134,44,221,0.6063348416289592,0.1990950226244343,27.307692307692307,6035.0,26.12007605436161,0.0149321266968325,-0.0099371025465192,3.3,16.62348162103023,22.19953083021069,4.7818725200306456e-21,22.19953083021069,0.4385617356780006,0.6118633959436801,0.367118037566208
5,1030,growth,1,218,46,131,41,218,0.6009174311926605,0.1880733944954128,27.761467889908257,6052.0,26.63390149107767,0.0077981651376146,0.0154374848811998,1.7,16.73361475970767,22.07013505970666,3.5876257900398634e-21,22.07013505970666,0.4368469574316406,0.6101689869488566,0.3661013921693139
5,1040,growth,1,220,48,131,41,220,0.5954545454545455,0.1863636363636363,27.53181818181818,6057.0,26.829209821874446,0.0022727272727272,0.0437434707988392,0.5,16.625072995099153,22.07302373539318,3.626032698417843e-21,22.07302373539318,0.4379390800496716,0.6112481988404567,0.366748919304274
5,1050,growth,1,218,47,126,45,218,0.5779816513761468,0.2064220183486238,27.90366972477064,6083.0,27.057678511383337,0.0119266055045871,-0.0017670850141332,2.6,16.514496177708338,22.05509675314667,3.885364412750672e-21,22.05509675314667,0.4398942535444854,0.6131381568859785,0.3678828941315871
5,1060,growth,1,204,42,124,38,204,0.6078431372549019,0.1862745098039215,29.99019607843137,6118.0,29.384723308039646,0.017156862745098,0.0470145290973139,3.5,16.680624994577148,21.904040023392323,4.1845971590837464e-21,21.904040023392323,0.4381813298584061,0.6112606269224762,0.3667563761534857
5,1070,growth,1,210,43,123,44,210,0.5857142857142857,0.2095238095238095,29.16190476190476,6124.0,28.39996331532796,0.0028571428571428,-0.0145196469624837,0.6,16.46958666301909,22.030691491989863,4.6150641600305265e-21,22.030691491989863,0.4405667547601695,0.6136579914453202,0.3681947948671921
5,1080,growth,1,219,45,128,46,219,0.5844748858447488,0.2100456621004566,28.031963470319635,6139.0,26.8817841168408,0.0068493150684931,-0.0351057418405193,1.5,16.45803462424779,22.05813443170835,4.4659988617165136e-21,22.05813443170835,0.4406438376714527,0.61386179823741,0.368317078942446
5,1090,growth,1,219,44,126,49,219,0.5753424657534246,0.2237442922374429,28.09132420091324,6152.0,27.06953299535464,0.0059360730593607,0.0187748878513841,1.3,16.196773463732576,22.250982689530883,4.433477408175286e-21,22.250982689530883,0.4436441277826385,0.6169286424172402,0.3701571854503441
5,1100,growth,1,209,46,119,44,209,0.569377990430622,0.2105263157894736,29.48803827751196,6163.0,28.262866955624812,0.0052631578947368,-0.0101859006014737,1.1,16.459893482153497,21.941251695441288,5.375720908286342e-21,21.941251695441288,0.4404049924829326,0.6136066477764118,0.3681639886658471
5,1110,growth,1,213,39,131,43,213,0.6150234741784038,0.2018779342723004,28.934272300469484,6163.0,27.676747586245828,0.0,-0.0055361304484622,0.0,16.321817872669776,22.0971342230067,5.1624292120713274e-21,22.0971342230067,0.4412218229783573,0.6147185028844239,0.3688311017306543
5,1120,growth,1,219,37,136,46,219,0.6210045662100456,0.2100456621004566,28.08675799086758,6151.0,26.744795681679086,-0.0054794520547945,-0.0173684847409322,-1.2,16.181478935833937,22.27065581056081,4.595762950949134e-21,22.27065581056081,0.4426977724816118,0.6164076040820446,0.3698445624492267
5,1130,growth,1,222,38,137,47,222,0.6171171171171171,0.2117117117117117,27.66216216216216,6141.0,26.83902577236966,-0.0045045045045045,0.0455646248551102,-1.0,16.062748926179903,22.357000475531223,5.252737077479245e-21,22.357000475531223,0.4445035339265207,0.6182507267178241,0.3709504360306944
5,1140,growth,1,216,38,129,49,216,0.5972222222222222,0.2268518518518518,28.583333333333332,6174.0,27.307652199709857,0.0152777777777777,-0.0276902066336737,3.3,16.20357817190665,22.23561852066605,5.5233997871053136e-21,22.23561852066605,0.4438175157800869,0.6174913808560085,0.3704948285136051
5,1150,growth,1,214,40,127,47,214,0.5934579439252337,0.219626168224299,29.046728971962615,6216.0,28.000361219744818,0.019626168224299,0.0437497317233932,4.2,16.219647701655592,22.18840462247902,5.744196824876461e-21,22.18840462247902,0.4437357426115187,0.6172582674444876,0.3703549604666926
5,1160,growth,1,207,38,125,44,207,0.6038647342995169,0.2125603864734299,30.00966183574879,6212.0,28.56794805112093,-0.0019323671497584,-0.0379285287165987,-0.4,16.372656278564158,22.048442762255092,7.190441873822713e-21,22.048442762255092,0.4409810523732167,0.6143820207801225,0.3686292124680735
5,1170,growth,1,219,37,133,49,219,0.6073059360730594,0.2237442922374429,28.29680365296804,6197.0,26.84745873925893,-0.0068493150684931,-0.0155122295362219,-1.5,16.145974581644417,22.248116880791372,7.736641703641811e-21,22.248116880791372,0.4433694558272863,0.6169196463035239,0.3701517877821143
5,1180,growth,1,221,41,130,50,221,0.5882352941176471,0.2262443438914027,27.968325791855204,6181.0,26.62213633610652,-0.0072398190045248,0.0017641024352198,-1.6,16.259634074042825,22.143608084631182,1.2718658687487283e-20,22.143608084631182,0.4424792327928799,0.6157331861310834,0.36943991167865
5,1190,growth,1,224,43,128,53,224,0.5714285714285714,0.2366071428571428,27.339285714285715,6124.0,25.878609367779323,-0.0254464285714285,-0.0386980499540056,-5.7,16.3778116447585,22.008695163897105,9.3578585418313e-21,22.008695163897105,0.4415681284066274,0.6144412880769777,0.3686647728461866
5,1200,growth,1,224,44,128,52,224,0.5714285714285714,0.2321428571428571,27.321428571428573,6120.0,26.271763469491685,-0.0017857142857142,0.0393154101712363,-0.4,16.34423272524561,22.090292036533356,2.171188958706255e-20,22.090292036533356,0.4424776820590676,0.6152918965827024,0.3691751379496215
5,1210,growth,1,234,45,131,58,234,0.5598290598290598,0.2478632478632478,26.136752136752136,6116.0,24.744140127785187,-0.0017094017094017,-0.0404898407112838,-0.4,16.264766248882328,22.14887382637741,1.9369303729363375e-20,22.14887382637741,0.4433844168405901,0.6162125684351795,0.3697275410611076
5,1220,growth,1,232,48,130,54,232,0.5603448275862069,0.2327586206896551,26.245689655172413,6089.0,25.131607113213377,-0.0116379310344827,0.0174155432602454,-2.7,16.430415622119245,22.03365295097746,2.449869784456019e-20,22.03365295097746,0.44195810666187,0.6147819433149051,0.368869165988943
5,1230,growth,1,231,46,135,50,231,0.5844155844155844,0.2164502164502164,26.385281385281385,6095.0,25.41390374418977,0.0025974025974025,0.0173501794988458,0.6,16.675581358211897,21.879321176768386,3.662683669547038e-20,21.879321176768386,0.439604356175051,0.6122641301914137,0.3673584781148482
5,1240,growth,1,228,49,131,48,228,0.5745614035087719,0.2105263157894736,26.81140350877193,6113.0,25.730815837257783,0.0078947368421052,-0.0017481377250269,1.8,16.847622683173732,21.820204274696216,5.0625584048371343e-20,21.820204274696216,0.437883659350579,0.6104592040607404,0.3662755224364442
5,1250,growth,1,229,51,129,49,229,0.5633187772925764,0.2139737991266375,26.746724890829693,6125.0,25.625751895154927,0.005240174672489,0.0007297699107873,1.2,16.81337602690318,21.84743536820058,5.854059149493681e-20,21.84743536820058,0.437696912966336,0.6103105136591713,0.3661863081955028
5,1260,growth,1,228,51,128,49,228,0.5614035087719298,0.2149122807017544,26.899122807017545,6133.0,25.56776846500865,0.0035087719298245,-0.0170377078809236,0.8,16.67547455168607,22.003524558585987,5.800790796385645e-20,22.003524558585987,0.4380878119106344,0.6108252489033746,0.3664951493420247
5,1270,growth,1,227,49,128,50,227,0.5638766519823789,0.2202643171806167,27.110132158590307,6154.0,25.767212787913856,0.0092511013215859,0.0086810981649659,2.1,16.566061032501086,22.02311202818077,5.731094662902163e-20,22.02311202818077,0.4395219446182234,0.612360507553228,0.3674163045319368
5,1280,growth,1,221,48,125,48,221,0.5656108597285068,0.2171945701357466,27.800904977375566,6144.0,26.59028807592608,-0.004524886877828,0.0123512949878813,-1.0,16.583538499892565,21.92450421104604,6.048063923984394e-20,21.92450421104604,0.4387822755807754,0.6115569099627216,0.3669341459776329
5,1290,growth,1,219,48,123,48,219,0.5616438356164384,0.2191780821917808,27.986301369863018,6129.0,26.803370898172737,-0.0068493150684931,-0.0029750858812027,-1.5,16.502647003626716,21.943292286842382,5.0773442054977477e-20,21.943292286842382,0.4396598272491206,0.6124690746930128,0.3674814448158077
5,1300,growth,1,219,45,122,52,219,0.5570776255707762,0.2374429223744292,27.940639269406393,6119.0,26.129610636462903,-0.0045662100456621,-0.0673760261709831,-1.0,16.400095565133988,22.012734330408104,4.157009358471441e-20,22.012734330408104,0.4404142788866887,0.6133504046584775,0.3680102427950865
5,1310,growth,1,208,40,122,46,208,0.5865384615384616,0.2211538461538461,29.35096153846154,6105.0,27.6311386181758,-0.0067307692307692,0.01196735730538,-1.4,16.526104894968178,21.915930592096768,5.2698050217997824e-20,21.915930592096768,0.4392290725849705,0.612162126890692,0.3672972761344152
5,1320,growth,1,214,38,129,47,214,0.602803738317757,0.219626168224299,28.411214953271028,6080.0,26.73341714555972,-0.0116822429906542,-0.0123016651545729,-2.5,16.43603275423852,22.07105405754018,5.1274097269486344e-20,22.07105405754018,0.440231609450195,0.6134080695395014,0.3680448417237008
5,1330,growth,1,208,36,128,44,208,0.6153846153846154,0.2115384615384615,29.129807692307693,6059.0,27.94128307929406,-0.0100961538461538,0.0436709669920114,-2.1,16.49793464403886,22.136184403529533,3.564583480457958e-20,22.136184403529533,0.4396363859909922,0.6128318200553877,0.3676990920332326
5,1340,growth,1,215,32,140,43,215,0.6511627906976745,0.2,28.176744186046513,6058.0,26.868458823270576,-0.0004651162790697,-0.016310806274414,-0.1,16.373912101568177,22.474055920090787,4.372210984715764e-20,22.474055920090787,0.4408324868320101,0.6142689449926204,0.3685613669955722
5,1350,growth,1,217,34,135,48,217,0.6221198156682027,0.2211981566820276,28.0,6076.0,26.84936965555639,0.008294930875576,0.0228546397477251,1.8,16.23117883304297,22.677775435733356,3.4282764101012154e-20,22.677775435733356,0.4434505751076387,0.6168374654130675,0.3701024792478405
5,1360,growth,1,207,34,130,43,207,0.6280193236714976,0.2077294685990338,29.39130434782609,6084.0,28.253407851509422,0.0038647342995169,0.0106967198100067,0.8,16.505462254878978,22.60230294287493,4.996746114257388e-20,22.60230294287493,0.4403989524031162,0.6135786851335495,0.3681472110801297
5,1370,growth,1,211,37,129,45,211,0.6113744075829384,0.2132701421800948,28.95734597156398,6110.0,27.714241109188137,0.0123222748815165,-0.0003557114804525,2.6,16.539912598957947,22.58166417126407,3.027101403806166e-20,22.58166417126407,0.4403089771398675,0.6134318955393482,0.3680591373236089
5,1380,growth,1,212,36,134,42,212,0.6320754716981132,0.1981132075471698,28.754716981132077,6096.0,27.650691374292915,-0.0066037735849056,0.006717781750661,-1.4,16.64464166929137,22.584564186492056,3.578245202314447e-20,22.584564186492056,0.4382962173789359,0.6115368182414211,0.3669220909448527
5,1390,growth,1,210,38,132,40,210,0.6285714285714286,0.1904761904761904,29.19047619047619,6130.0,28.114882650829497,0.0161904761904761,0.0200851358686174,3.4,16.7740616889227,22.43565295537313,4.5074997222043184e-20,22.43565295537313,0.4370617959526847,0.6102861263841901,0.3661716758305141
5,1400,growth,1,209,38,130,41,209,0.6220095693779905,0.1961722488038277,29.416267942583733,6148.0,28.619349666759728,0.0086124401913875,0.0369946046309037,1.8,16.609587336271,22.55380981390556,4.198458657595151e-20,22.55380981390556,0.4388102893817507,0.6120290644077121,0.3672174386446272
5,1410,growth,1,213,38,129,46,213,0.6056338028169014,0.215962441314554,29.009389671361504,6179.0,27.476083137619664,0.0145539906103286,-0.0605813953238473,3.1,16.41650585389473,22.698557168665065,6.247024584170768e-20,22.698557168665065,0.4406253815163569,0.6139485167863165,0.3683691100717898
5,1420,growth,1,210,37,129,44,210,0.6142857142857143,0.2095238095238095,29.52380952380953,6200.0,28.535907518296018,0.01,0.0667308907281784,2.1,16.402297405969527,22.65029385430472,6.804497328118515e-20,22.65029385430472,0.4409547115787719,0.6142169988022685,0.3685301992813611
5,1430,growth,1,217,44,130,43,217,0.5990783410138248,0.1981566820276497,28.62672811059908,6212.0,27.473025106614635,0.0055299539170506,-0.0142369265929894,1.2,16.71775481667936,22.282706190364152,7.110990979725847e-20,22.282706190364152,0.4383096593569348,0.6110006520309152,0.3666003912185491
5,1440,growth,1,218,46,127,45,218,0.5825688073394495,0.2064220183486238,28.509174311926607,6215.0,27.331258240096066,0.0013761467889908,-0.0015743815570796,0.3,16.846272696048842,22.089467816396592,8.872395055430196e-20,22.089467816396592,0.4377265305693438,0.6101904194488414,0.3661142516693048
5,1450,growth,1,226,49,128,49,226,0.5663716814159292,0.2168141592920354,27.460176991150444,6206.0,26.28316439569524,-0.0039823008849557,-0.0080615676609815,-0.9,16.88902100841556,21.98389667958285,1.2140121932125238e-19,21.98389667958285,0.4371212866300957,0.609247184393674,0.3655483106362043
5,1460,growth,1,233,50,135,48,233,0.5793991416309013,0.2060085836909871,26.587982832618025,6195.0,25.54348226882869,-0.0047210300429184,0.0049940837810991,-1.1,16.97236659086825,21.957197696865883,2.0310822951028968e-19,21.957197696865883,0.4362262718914016,0.60830317372528,0.3649819042351679
5,1470,growth,1,237,53,137,47,237,0.5780590717299579,0.1983122362869198,26.139240506329113,6195.0,25.196599598172345,0.0,0.0084230954134011,0.0,17.024370543564423,21.937322236314603,2.7893070387497356e-19,21.937322236314603,0.4357196373418684,0.6078684206155199,0.3647210523693119
5,1480,growth,1,238,51,142,45,238,0.5966386554621849,0.1890756302521008,26.063025210084035,6203.0,25.255511476212188,0.0033613445378151,0.0164779943578383,0.8,17.043878094488832,21.890264078348626,2.3847910799042435e-19,21.890264078348626,0.4348444823187941,0.6070598650670737,0.3642359190402441
5,1490,growth,1,232,53,132,47,232,0.5689655172413793,0.2025862068965517,26.849137931034484,6229.0,26.093418409084453,0.0112068965517241,0.018474715331505,2.6,17.088030761685864,21.822472559994665,4.934245886136914e-19,21.822472559994665,0.4351654207349033,0.607131644739809,0.3642789868438854
5,1500,growth,1,227,48,131,48,227,0.5770925110132159,0.211453744493392,27.647577092511018,6276.0,26.845722467363668,0.0207048458149779,0.0177559159400704,4.7,17.08196447179181,21.830820377702754,5.418360090842721e-19,21.830820377702754,0.4358473189410876,0.6077147618720331,0.3646288571232198
5,1510,growth,1,220,49,129,42,220,0.5863636363636363,0.1909090909090909,28.668181818181814,6307.0,27.890122517672452,0.014090909090909,0.0190217971801757,3.1,17.312203034487638,21.72906845482913,5.86111372647602e-19,21.72906845482913,0.4329477246963079,0.6046866677042235,0.3628120006225341
5,1520,growth,1,225,49,129,47,225,0.5733333333333334,0.2088888888888889,28.213333333333335,6348.0,27.357000732421874,0.0182222222222222,0.0086658715142144,4.1,17.080765317281088,21.91239209704929,8.165959095497291e-19,21.91239209704929,0.4356052133141295,0.6073888032836356,0.3644332819701814
5,1530,growth,1,220,51,125,44,220,0.5681818181818182,0.2,28.990909090909092,6378.0,28.15189982327548,0.0136363636363636,0.0173149074207652,3.0,17.267263824289497,21.680398869514462,6.520065613915238e-19,21.680398869514462,0.4338908845511286,0.6054938850502035,0.3632963310301221
5,1540,growth,1,230,52,131,47,230,0.5695652173913044,0.2043478260869565,27.843478260869563,6404.0,26.59222579624342,0.0113043478260869,-0.0335678382541822,2.6,17.18386750843214,21.725146741452424,6.255489800442598e-19,21.725146741452424,0.434065872204754,0.605842227052272,0.3635053362313631
5,1550,growth,1,232,52,130,50,232,0.5603448275862069,0.2155172413793103,27.646551724137932,6414.0,26.439945459365845,0.0043103448275862,0.007696298895211,1.0,16.964596736020056,21.87401302724049,7.673651715572066e-19,21.87401302724049,0.4361654311162879,0.6080822915610075,0.3648493749366044
5,1560,growth,1,233,47,134,52,233,0.575107296137339,0.223175965665236,27.59227467811159,6429.0,26.494839549576263,0.0064377682403433,0.0168370250980229,1.5,16.716464292337967,22.05598085837303,7.633365827741892e-19,22.05598085837303,0.4386169529621053,0.6107318403342932,0.3664391042005759
5,1570,growth,1,240,44,141,55,240,0.5875,0.2291666666666666,26.770833333333332,6425.0,25.71043232282003,-0.0016666666666666,-0.0011641073226928,-0.4,16.619029208024344,22.13064640164375,7.940776775028588e-19,22.13064640164375,0.4400066619540353,0.6122307657803958,0.3673384594682374
5,1580,growth,1,236,49,135,52,236,0.5720338983050848,0.2203389830508474,27.38135593220339,6462.0,26.412271297584144,0.0156779661016949,0.0266068935394287,3.7,16.718643087451742,22.022793763774935,1.119385995746276e-18,22.022793763774935,0.4393084099953127,0.6114135441221802,0.3668481264733081
5,1590,growth,1,225,46,128,51,225,0.5688888888888889,0.2266666666666666,28.80444444444445,6481.0,27.515129165649412,0.0084444444444444,-0.0188408728705512,1.9,16.863308885362414,21.876505006154375,5.603116060350461e-19,21.876505006154375,0.4380308270580309,0.6099746959835131,0.3659848175901078
5,1600,growth,1,224,46,129,49,224,0.5758928571428571,0.21875,29.075892857142858,6513.0,27.78830417564937,0.0142857142857142,0.0150339611939021,3.2,16.91193092295102,21.830844464046613,1.5513070049504828e-18,21.830844464046613,0.4371709164812417,0.6091280654283054,0.3654768392569832
5,1610,growth,1,220,49,125,46,220,0.5681818181818182,0.209090909090909,29.62727272727273,6518.0,28.555614506114612,0.0022727272727272,0.0262068436362526,0.5,16.871378339420666,21.836605540188877,2.6448229926059585e-18,21.836605540188877,0.4373094634157928,0.6092347497663102,0.3655408498597861
5,1620,growth,1,222,44,133,45,222,0.5990990990990991,0.2027027027027027,29.364864864864863,6519.0,28.253384237890845,0.0004504504504504,-0.0044972479880393,0.1,16.855672578553897,21.812723748318785,3.1611324716638104e-18,21.812723748318785,0.4372837241582051,0.609345088466473,0.3656070530798838
5,1630,growth,1,234,44,139,51,234,0.594017094017094,0.2179487179487179,27.713675213675213,6485.0,26.489612041375576,-0.0145299145299145,-0.0314880697136251,-3.4,16.63607107064663,22.003852721972343,2.9980949299516942e-18,22.003852721972343,0.4389876327219991,0.6113408470926512,0.3668045082555907
5,1640,growth,1,234,44,138,52,234,0.5897435897435898,0.2222222222222222,27.64957264957265,6470.0,27.01373670855139,-0.0064102564102564,0.0524124667175814,-1.5,16.487538451822395,22.047648393190823,1.8518444386839136e-18,22.047648393190823,0.4414079377671439,0.6137673231129176,0.3682603938677505
5,1650,growth,1,227,43,129,55,227,0.5682819383259912,0.2422907488986784,28.647577092511018,6503.0,27.546267337210903,0.0145374449339207,-0.0300492089225332,3.3,16.405720025957418,22.05955922341032,3.3377474108950957e-18,22.05955922341032,0.4428559369888761,0.6151422814814788,0.3690853688888872
5,1660,growth,1,230,42,129,59,230,0.5608695652173913,0.2565217391304348,28.378260869565217,6527.0,27.181382950492527,0.0104347826086956,-0.0005585247537364,2.4,16.334434202443,22.079045189981876,3.832690878230097e-18,22.079045189981876,0.4446020104926008,0.6168665366205889,0.3701199219723533
5,1670,growth,1,225,41,127,57,225,0.5644444444444444,0.2533333333333333,29.08888888888889,6545.0,27.67130626254611,0.008,-0.0114107420179578,1.8,16.38829819149441,22.000460993448893,4.82097417793606e-18,22.000460993448893,0.4437258611363116,0.6159123143220622,0.3695473885932372
5,1680,growth,1,230,49,127,54,230,0.5521739130434783,0.2347826086956521,28.3,6509.0,26.93085313050643,-0.0156521739130434,-0.0138902995897376,-3.6,16.99279243220454,21.473504338057143,5.070294309092537e-18,21.473504338057143,0.438172103237606,0.6093226226547299,0.3655935735928379
5,1690,growth,1,232,54,126,52,232,0.5431034482758621,0.2241379310344827,27.870689655172413,6466.0,26.56904726192869,-0.0185344827586206,-0.0129643341590618,-4.3,17.226418273202306,21.266812474563203,7.710412688449559e-18,21.266812474563203,0.4354464184638487,0.6061881431976286,0.3637128859185771
5,1700,growth,1,236,60,122,54,236,0.5169491525423728,0.2288135593220339,27.19915254237288,6419.0,26.195007356546693,-0.0199152542372881,0.0076282929565946,-4.7,17.315240459927058,21.14808617001873,8.909648856492376e-18,21.14808617001873,0.4349224707777375,0.6054398001619502,0.3632638800971701
5,1710,growth,1,238,64,126,48,238,0.5294117647058824,0.2016806722689075,26.865546218487395,6394.0,25.925980744241667,-0.0105042016806722,-0.0048900500065138,-2.5,17.602967674992666,20.925909771638757,6.960434937937829e-18,20.925909771638757,0.4318090225750602,0.6020660065222032,0.3612396039133219
5,1720,growth,1,255,66,137,52,255,0.5372549019607843,0.2039215686274509,25.031372549019608,6383.0,23.982721927119236,-0.004313725490196,-0.0214860100839652,-1.1,17.565189413930856,20.984214115142823,8.868649893498369e-18,20.984214115142823,0.4318870946108171,0.6025067562640561,0.3615040537584337
5,1730,growth,1,254,65,139,50,254,0.547244094488189,0.1968503937007874,25.04724409448819,6362.0,24.438837907445713,-0.008267716535433,0.0361695815259077,-2.1,17.67024399164155,20.8819655677465,1.548873592644648e-17,20.8819655677465,0.4312734823959865,0.6017663254580331,0.3610597952748198
5,1740,growth,1,245,64,132,49,245,0.5387755102040817,0.2,26.195918367346938,6418.0,25.695263858717315,0.0228571428571428,0.0358672722018494,5.6,17.773747743879046,20.802427494282625,1.511977832896751e-17,20.802427494282625,0.430631905218032,0.6009174035630521,0.3605504421378313
5,1750,growth,1,238,67,126,45,238,0.5294117647058824,0.1890756302521008,27.07983193277311,6445.0,26.872037607080795,0.011344537815126,0.0421030693695324,2.7,17.962443692343577,20.55672984363652,2.3515822161518544e-17,20.55672984363652,0.4289291251470241,0.5988987540884639,0.3593392524530783
5,1760,growth,1,235,66,124,45,235,0.5276595744680851,0.1914893617021276,27.6,6486.0,26.946992379046502,0.0174468085106382,-0.0268092516635326,4.1,17.978741938002567,20.53176882520635,3.259655912006476e-17,20.53176882520635,0.4286639935662441,0.5985459985244876,0.3591275991146925
5,1770,growth,1,226,67,120,39,226,0.5309734513274337,0.1725663716814159,28.853982300884955,6521.0,28.131911910740676,0.0154867256637168,0.0111809215714446,3.5,18.145499558575384,20.398895506310257,5.4601012030670426e-17,20.398895506310257,0.426342313126184,0.5960831675674818,0.357649900540489
5,1780,growth,1,225,65,115,45,225,0.5111111111111111,0.2,29.106666666666666,6549.0,28.00073580423991,0.0124444444444444,-0.0256206826104058,2.8,18.062753694322375,20.454120324452717,1.306215813612321e-16,20.454120324452717,0.4277804569113628,0.5973827949791192,0.3584296769874714
5,1790,growth,1,218,61,117,40,218,0.536697247706422,0.1834862385321101,30.275229357798164,6600.0,29.669343108430915,0.023394495412844,0.0769501108642018,5.1,18.16049955088064,20.31805044139197,1.4435254117412315e-16,20.31805044139197,0.4271724292849314,0.5965417551272669,0.3579250530763601
5,1800,growth,1,227,64,122,41,227,0.5374449339207048,0.1806167400881057,29.259911894273127,6642.0,28.572335785180982,0.0185022026431718,0.0079310244925746,4.2,18.082490316046492,20.37726039508366,1.5829791321373002e-16,20.37726039508366,0.4274842682019497,0.5970647361567146,0.3582388416940287
5,1810,growth,1,239,62,135,42,239,0.5648535564853556,0.1757322175732217,27.786610878661087,6641.0,26.912714810550963,-0.000418410041841,-0.0225026709265289,-0.1,17.963856082581078,20.496293907883775,1.9742840094457542e-16,20.496293907883775,0.4280159718562348,0.5979922828936545,0.3587953697361927
5,1820,growth,1,243,64,141,38,243,0.5802469135802469,0.1563786008230452,27.38683127572017,6655.0,26.61268383387185,0.0057613168724279,0.0142976674523373,1.4,17.956160608142493,20.439210891723633,2.381198418348404e-16,20.439210891723633,0.4273301498530068,0.597509429418852,0.3585056576513112
5,1830,growth,1,237,62,134,41,237,0.5654008438818565,0.1729957805907173,28.17299578059072,6677.0,27.78747980302899,0.0092827004219409,0.050105713791988,2.2,17.966697350836,20.32024214136953,2.0468562935985515e-16,20.32024214136953,0.4283160176294188,0.5983065306100924,0.3589839183660554
5,1840,growth,1,229,62,129,38,229,0.5633187772925764,0.1659388646288209,29.305676855895197,6711.0,28.849926269731142,0.0148471615720524,0.0091704814194591,3.4,18.269737168691044,20.02701107591521,3.0014419723142576e-16,20.02701107591521,0.4252949056223204,0.595006792198792,0.3570040753192752
5,1850,growth,1,220,65,122,33,220,0.5545454545454546,0.15,30.8,6776.0,30.56266480359164,0.0295454545454545,0.0532514277371493,6.5,18.41411542892456,19.854727732051504,4.413457703748513e-16,19.854727732051504,0.4239519167439394,0.5934072362837471,0.3560443417702483
5,1860,growth,1,220,62,118,40,220,0.5363636363636364,0.1818181818181818,31.131818181818183,6849.0,30.44331077228893,0.0331818181818181,-0.0119354031302712,7.3,18.25393788164312,19.919070718505164,6.239766645354189e-16,19.919070718505164,0.426192496098533,0.5954987802559025,0.3572992681535415
5,1870,growth,1,217,61,118,38,217,0.543778801843318,0.1751152073732718,31.608294930875577,6859.0,31.19741692960537,0.0046082949308755,0.0333230893183413,1.0,18.286981727670415,19.856077387585614,7.181791592943171e-16,19.856077387585614,0.4257800259708841,0.5949702533644572,0.3569821520186743
5,1880,growth,1,210,61,108,41,210,0.5142857142857142,0.1952380952380952,32.833333333333336,6895.0,31.47809055873326,0.0171428571428571,-0.0759240268525623,3.6,18.330164346240817,19.81551297051566,6.658845778008522e-16,19.81551297051566,0.4253260160412435,0.5942365438765953,0.3565419263259571
5,1890,growth,1,219,58,123,38,219,0.5616438356164384,0.1735159817351598,31.378995433789953,6872.0,30.64319499986901,-0.0105022831050228,0.0458724601083694,-2.3,18.079163999862324,19.9854056040446,6.384681407977374e-16,19.9854056040446,0.4269619017167684,0.5963121184518713,0.3577872710711227
5,1900,growth,1,229,61,125,43,229,0.5458515283842795,0.1877729257641921,29.96943231441048,6863.0,29.14114163327946,-0.0039301310043668,-0.0163922580569071,-0.9,17.869354352159792,20.136256690629185,6.284972698996036e-16,20.136256690629185,0.4295489004937529,0.5993038410852995,0.3595823046511797
5,1910,growth,1,237,60,137,40,237,0.5780590717299579,0.1687763713080168,28.88185654008439,6845.0,28.594373622524085,-0.0075949367088607,0.0436899217372202,-1.8,17.94286125923511,20.018694368595817,6.103651554070075e-16,20.018694368595817,0.4293220674375457,0.5989626911318372,0.3593776146791023
5,1920,growth,1,233,66,131,36,233,0.5622317596566524,0.1545064377682403,29.583690987124463,6893.0,29.591672299757537,0.0206008583690987,0.0506408142941192,4.8,18.50790767915259,19.538903475830995,1.405027600348197e-15,19.538903475830995,0.4253987930097618,0.5940697012885024,0.3564418207731014
5,1930,growth,1,235,72,129,34,235,0.548936170212766,0.1446808510638297,29.382978723404257,6905.0,29.474315943616503,0.0051063829787234,0.013448766343137,1.2,19.17347500577886,18.920170611523567,2.873264554736396e-15,18.920170611523567,0.4195710144313532,0.5871520899843418,0.352291253990605
5,1940,growth,1,235,77,126,32,235,0.5361702127659574,0.1361702127659574,29.459574468085105,6923.0,29.71460723065315,0.0076595744680851,0.0240291287036652,1.8,19.48800909164104,18.583984060490383,5.035691075918919e-15,18.583984060490383,0.4165109348771298,0.5835162398309703,0.3501097438985822
5,1950,growth,1,229,83,120,26,229,0.5240174672489083,0.1135371179039301,30.524017467248907,6990.0,30.980822875510135,0.0292576419213973,0.0487666983791834,6.7,20.06382500760941,18.020099110998963,5.181362037423917e-15,18.020099110998963,0.4114799593901788,0.5776705433728794,0.3466023260237276
5,1960,growth,1,237,96,118,23,237,0.4978902953586498,0.0970464135021097,29.666666666666668,7031.0,30.056235261104277,0.0172995780590717,0.0121178558607141,4.1,20.71919705193757,17.332382383225838,6.3321583552010154e-15,17.332382383225838,0.4049298214185699,0.5699275353823858,0.3419565212294315
5,1970,growth,1,238,103,110,25,238,0.4621848739495798,0.1050420168067226,29.65546218487395,7058.0,29.940098305710222,0.011344537815126,0.0010149747383694,2.7,21.013218727432378,17.021495226050625,1.1502386158226552e-14,17.021495226050625,0.4023449379521097,0.5667268054732879,0.3400360832839727
5,1980,growth,1,235,100,112,23,235,0.4765957446808511,0.0978723404255319,30.37872340425532,7139.0,30.7429051744177,0.0344680851063829,0.0420592847783514,8.1,21.18484815638116,16.85140256881714,1.561673030458472e-14,16.85140256881714,0.4006716493107998,0.5646545507770533,0.338792730466232
5,1990,growth,1,248,102,122,24,248,0.4919354838709677,0.0967741935483871,28.93548387096774,7176.0,29.24169898033142,0.0149193548387096,0.0110317061024327,3.7,20.918375715132683,17.079741335684254,1.9120160210950905e-14,17.079741335684254,0.4029757867382794,0.567370128284249,0.3404220769705494
5,2000,growth,1,247,103,129,15,247,0.5222672064777328,0.0607287449392712,29.331983805668017,7245.0,29.989841708287535,0.0279352226720647,0.0629755282691615,6.9,21.149921687508403,16.917275014676544,4.431784935472942e-14,16.917275014676544,0.4004788621460676,0.5648997150650176,0.3389398290390105
5,2010,growth,1,246,106,128,12,246,0.5203252032520326,0.048780487804878,29.723577235772357,7312.0,30.87273204617384,0.0272357723577235,0.0760980412242858,6.7,21.49018137629439,16.58170971540901,5.0470682961338856e-14,16.58170971540901,0.3976452859275043,0.5616539330200037,0.3369923598120022
5,2020,growth,1,250,108,135,7,250,0.54,0.028,29.896,7474.0,31.586364471435548,0.0648,0.1207596138000488,16.2,21.85184337234497,16.22843904399872,1.1323195156298248e-13,16.22843904399872,0.3957895905847838,0.5595309030342482,0.3357185418205489
5,2030,growth,1,252,108,139,5,252,0.5515873015873016,0.0198412698412698,30.357142857142858,7650.0,32.218450803605336,0.0698412698412698,0.088277176448277,17.6,22.02299177457416,16.087896137956587,1.6690721743719465e-13,16.087896137956587,0.3942605897042932,0.5578551495987788,0.3347130897592673
5,2040,growth,1,253,110,139,4,253,0.549407114624506,0.0158102766798418,31.16205533596838,7884.0,33.069365557945765,0.092490118577075,0.0978260409690645,23.4,22.23405129730466,15.980359025623487,3.9316296773914643e-13,15.980359025623487,0.3929529340906614,0.5563018123050353,0.3337810873830211
5,2050,growth,1,253,110,139,4,253,0.549407114624506,0.0158102766798418,31.988142292490117,8093.0,34.31462670880344,0.0826086956521739,0.1245261150857676,20.9,22.352709076621316,15.903633730213633,1.0322423166540513e-12,15.903633730213633,0.3923315558789473,0.555323263394764,0.3331939580368584
5,2060,growth,1,254,112,139,3,254,0.547244094488189,0.0118110236220472,33.01574803149607,8386.0,35.445216531828635,0.1153543307086614,0.1265686778571662,29.3,22.56002346549447,15.73882913683343,1.295133043537462e-12,15.73882913683343,0.3911587350636305,0.5536989442207033,0.3322193665324219
5,2070,growth,1,255,117,132,6,255,0.5176470588235295,0.0235294117647058,33.92156862745098,8650.0,36.07977140090045,0.1035294117647058,0.0773555718216241,26.4,22.677489635991115,15.623401874654434,3.4643496405866807e-12,15.623401874654434,0.3906743305671037,0.552688784520718,0.3316132707124308
5,2080,growth,1,254,118,130,6,254,0.5118110236220472,0.0236220472440944,35.03543307086614,8899.0,36.86202534352701,0.0980314960629921,0.0640207598528524,24.9,22.91933511373565,15.402618749873843,7.379635427073928e-12,15.402618749873843,0.388181369799378,0.5496004562035356,0.3297602737221213
5,2090,growth,1,269,122,141,6,269,0.5241635687732342,0.0223048327137546,33.773234200743495,9085.0,35.14543344008435,0.0691449814126394,0.033891136850123,18.6,22.682438215801707,15.603547375441485,8.981545020513898e-12,15.603547375441485,0.3891866895533096,0.5509667612111967,0.330580056726718
5,2100,growth,1,278,121,150,7,278,0.539568345323741,0.0251798561151079,33.26258992805755,9247.0,34.72735995011364,0.058273381294964,0.0719728312046407,16.2,22.375207437885752,15.873571700329403,1.1709705747285102e-11,15.873571700329403,0.3917250506178247,0.553731557457929,0.3322389344747574
5,2110,growth,1,281,118,158,5,281,0.5622775800711743,0.0177935943060498,33.54804270462633,9427.0,35.594961084929224,0.0640569395017793,0.1238355867379076,18.0,22.295214384900294,15.994879746352224,2.2512749562430083e-11,15.994879746352224,0.3927398628001174,0.5546753153293815,0.3328051891976289
5,2120,growth,1,288,121,158,9,288,0.5486111111111112,0.03125,33.64930555555556,9691.0,35.402542432149254,0.0916666666666666,0.0672736651367611,26.4,22.192830754650963,16.08545550124513,3.662192483568359e-11,16.08545550124513,0.3940229350778809,0.556066339730551,0.3336398038383306
5,2130,growth,1,290,123,162,5,290,0.5586206896551724,0.0172413793103448,33.92068965517242,9837.0,35.73523873296277,0.0503448275862069,0.0576851765862826,14.6,22.20673676523669,16.108529066217358,5.6971122407563274e-11,16.108529066217358,0.3928519614120727,0.5548921617459713,0.3329352970475828
5,2140,growth,1,289,125,157,7,289,0.5432525951557093,0.0242214532871972,34.761245674740486,10046.0,36.411718863516946,0.072318339100346,0.0552828785457413,20.9,22.280238620137673,16.05826511185062,1.3920135398881832e-10,16.05826511185062,0.3925541843865149,0.5544178109990616,0.332650686599437
5,2150,growth,1,295,126,160,9,295,0.5423728813559322,0.0305084745762711,34.454237288135594,10164.0,36.17093053914733,0.04,0.0499789008447679,11.8,22.529580772529215,15.979635536872737,1.6636963022538916e-10,15.979635536872737,0.3923632461216634,0.553424200880075,0.332054520528045
5,2160,growth,1,296,132,162,2,296,0.5472972972972973,0.0067567567567567,35.04391891891892,10373.0,37.21252704311062,0.0706081081081081,0.1163795593622568,20.9,23.144133864222347,15.618550348120769,9.177345860927287e-10,15.618550348120769,0.3883617061255238,0.5479649201787621,0.3287789521072572
5,2170,growth,1,303,136,159,8,303,0.5247524752475248,0.0264026402640264,34.93069306930693,10584.0,36.67636732221043,0.0696369636963696,0.0323535623330094,21.1,23.64136532194937,15.28766194900664,1.007538849717365e-09,15.28766194900664,0.3858550392327271,0.5442156210728462,0.3265293726437077
5,2180,growth,1,308,150,154,4,308,0.5,0.0129870129870129,35.00974025974026,10783.0,36.90782951379751,0.0646103896103896,0.0826857764999587,19.9,24.261838278213105,14.908949188597791,1.1774106146629919e-09,14.908949188597791,0.3809498491802325,0.5378019000333751,0.322681140020025
5,2190,growth,1,330,162,159,9,330,0.4818181818181818,0.0272727272727272,33.275757575757574,10981.0,34.50073690125436,0.06,0.0053429355043353,19.8,24.482502512498336,14.73747440034693,1.2906743731152442e-09,14.73747440034693,0.3793913838492697,0.5354309271997257,0.3212585563198354
5,2200,growth,1,348,177,164,7,348,0.4712643678160919,0.0201149425287356,31.902298850574713,11102.0,33.24039072277902,0.0347701149425287,0.0524174695727468,12.1,24.888021030645262,14.4828937594918,2.426203768279123e-09,14.4828937594918,0.376170532970498,0.5310790124481433,0.3186474074688859
5,2210,growth,1,360,187,169,4,360,0.4694444444444444,0.0111111111111111,31.15277777777778,11215.0,33.01513844596015,0.0313888888888888,0.0882760747273763,11.3,25.143292167451648,14.400820425483916,5.205573964113438e-09,14.400820425483916,0.3748997841298639,0.5290178723170528,0.3174107233902316
5,2220,growth,1,377,195,172,10,377,0.4562334217506631,0.026525198938992,30.307692307692307,11426.0,31.819626851170387,0.0559681697612732,0.0293234701181912,21.1,25.232065696615123,14.388523308604718,9.274506059895956e-09,14.388523308604718,0.374859925399696,0.5286494979350045,0.3171896987610026
5,2230,growth,1,388,197,183,8,388,0.4716494845360824,0.0206185567010309,29.95876288659794,11624.0,31.672874937352447,0.0510309278350515,0.0755350909282251,19.8,25.185376963664577,14.456592840017732,1.9568390738523423e-08,14.456592840017732,0.3754890410248981,0.5291525030148748,0.3174915018089249
5,2240,growth,1,393,200,182,11,393,0.4631043256997455,0.0279898218829516,30.061068702290076,11814.0,31.78093722879735,0.0483460559796437,0.0511025076907403,19.0,25.254920340676343,14.480629030984776,3.199289745614281e-08,14.480629030984776,0.3752924763687438,0.5287631940213906,0.3172579164128343
5,2250,growth,1,392,207,177,8,392,0.4515306122448979,0.0204081632653061,30.90051020408163,12113.0,32.79129563545694,0.0762755102040816,0.0929284587198374,29.9,25.59684839297314,14.347882219723292,4.8880063264491486e-08,14.347882219723292,0.3732961274001612,0.5260955495743767,0.3156573297446259
5,2260,growth,1,393,207,182,4,393,0.4631043256997455,0.010178117048346,31.442748091603058,12357.0,33.72846240851715,0.0620865139949109,0.1020605184346361,24.4,25.942404159759445,14.22841500083302,1.4144674390814418e-07,14.22841500083302,0.3714284384397893,0.523571807654073,0.3141430845924438
5,2270,growth,1,398,215,174,9,398,0.4371859296482412,0.0226130653266331,31.84673366834171,12675.0,33.624348995074556,0.0798994974874371,0.0319610988674451,31.8,26.159499031814494,14.160885468799265,2.4306618419807717e-07,14.160885468799265,0.3693410874255663,0.5208808405899227,0.3125285043539536
5,2280,growth,1,414,219,182,13,414,0.4396135265700483,0.0314009661835748,31.055555555555557,12857.0,32.40290216086567,0.0439613526570048,0.0078044914393033,18.2,26.037641267269706,14.322657745817434,3.916856161656795e-07,14.322657745817434,0.3705187381016999,0.5225239151934982,0.3135143491160989
5,2290,growth,1,417,219,194,4,417,0.4652278177458033,0.0095923261390887,31.167865707434053,12997.0,33.30920394604726,0.0335731414868105,0.1139416189216595,14.0,26.11284585307828,14.336680732470908,8.468369526026442e-07,14.336680732470908,0.3695241489805764,0.5213805550898293,0.3128283330538975
5,2300,growth,1,422,219,194,9,422,0.4597156398104265,0.0213270142180094,31.73696682464455,13393.0,33.812264112499655,0.0938388625592417,0.0897718980979015,39.6,26.087268271152443,14.412962770010058,1.3419026009330957e-06,14.412962770010058,0.3714075829663249,0.5231541723811574,0.3138925034286944
5,2310,growth,1,420,215,196,9,420,0.4666666666666667,0.0214285714285714,32.59285714285714,13689.0,34.6512283779326,0.0704761904761904,0.0677953483944847,29.6,26.32604938461667,14.345456471329644,2.182417768632353e-06,14.345456471329644,0.3704675884458435,0.5215964923979317,0.312957895438759
5,2320,growth,1,425,214,197,14,425,0.4635294117647058,0.0329411764705882,32.76705882352941,13926.0,34.49013310600729,0.0557647058823529,0.024656623840332,23.7,26.2746557190839,14.489826746828417,4.5855850066835164e-06,14.489826746828417,0.3713531469109417,0.5223755024112753,0.3134253014467651
5,2330,growth,1,422,218,195,9,422,0.462085308056872,0.0213270142180094,33.665876777251185,14207.0,35.63686557064689,0.0665876777251184,0.0901541944928643,28.1,26.636929405809013,14.4083521916968,1.185540922455615e-05,14.4083521916968,0.3688627130120335,0.5191491484673308,0.3114894890803985
5,2340,growth,1,425,220,195,10,425,0.4588235294117647,0.0235294117647058,34.07058823529412,14480.0,36.16750831604004,0.064235294117647,0.0782197090597713,27.3,26.832960519229665,14.350234376402462,2.238659846247556e-05,14.350234376402462,0.3687091524219344,0.5185518799844807,0.3111311279906884
5,2350,growth,1,420,223,186,11,420,0.4428571428571428,0.0261904761904761,35.16428571428571,14769.0,37.31142880121867,0.0688095238095238,0.0713354909987676,28.9,27.164379503613425,14.224057858614694,3.396535030288895e-05,14.224057858614694,0.3670133292329826,0.5159618759923315,0.3095771255953988
5,2360,growth,1,420,230,185,5,420,0.4404761904761904,0.0119047619047619,35.99523809523809,15118.0,37.98318612689064,0.0830952380952381,0.0671757325671968,34.9,27.668400478363036,13.977795042310442,6.627182664279216e-05,13.977795042310442,0.3629903456950494,0.5109962517806553,0.3065977510683932
5,2370,growth,1,431,228,196,7,431,0.4547563805104408,0.0162412993039443,35.54524361948956,15320.0,37.34134455014824,0.0468677494199535,0.0327566885892863,20.2,27.767722791419505,14.067931502711746,0.0001797229563325,14.067931502711746,0.3637808612352625,0.5115199166936331,0.3069119500161798
5,2380,growth,1,445,237,201,7,445,0.451685393258427,0.0157303370786516,35.10786516853933,15623.0,36.984239205349695,0.0680898876404494,0.0817678528689266,30.3,28.256138012918193,14.007439450735456,0.0004776367966928,14.007439450735456,0.362371125039889,0.508774767607984,0.3052648605647904
5,2390,growth,1,470,242,216,12,470,0.4595744680851064,0.025531914893617,33.63191489361702,15807.0,35.130982378695876,0.0391489361702127,0.0113989939588181,18.4,28.119444743623124,14.325367830915654,0.001010453082619,14.325367830915654,0.3650592231629092,0.5116345900835649,0.3069807540501389
5,2400,growth,1,473,249,218,6,473,0.4608879492600423,0.0126849894291754,33.854122621564485,16013.0,35.96172406154253,0.0435517970401691,0.1053559752901815,20.6,28.746879220764935,14.115067709576,0.0018602305412238,14.115067709576,0.3617283663047616,0.5068247042669247,0.3040948225601548
5,2410,growth,1,488,263,207,18,488,0.4241803278688524,0.0368852459016393,33.489754098360656,16343.0,34.976682033695155,0.0676229508196721,0.0120338834700037,33.0,29.670339130964436,13.766011065146962,0.0022927220797739,13.766011065146962,0.3576672542406036,0.500572840368308,0.3003437042209848
5,2420,growth,1,487,281,202,4,487,0.4147843942505133,0.0082135523613963,33.921971252566735,16520.0,36.04458719602111,0.0363449691991786,0.0996084459998034,17.7,30.82743084650999,13.247600277101723,0.0033606291993386,13.247600277101723,0.3498460317526754,0.4899495507040269,0.2939697304224161
5,2430,growth,1,508,290,209,9,508,0.4114173228346456,0.0177165354330708,33.088582677165356,16809.0,35.16025501536572,0.0568897637795275,0.0605699967211625,28.9,31.270766292031357,13.095639830968512,0.0035622232766805,13.095639830968512,0.3484294909157636,0.4871880111921791,0.2923128067153074
5,2440,growth,1,531,315,205,11,531,0.3860640301318267,0.0207156308851224,31.90018832391714,16939.0,33.960207362632964,0.0244821092278719,0.0322901246237889,13.0,32.4205757309937,12.71781770590335,0.0059158582092562,12.71781770590335,0.3417495686218186,0.4774784126950129,0.2864870476170077
5,2450,growth,1,545,341,192,12,545,0.3522935779816514,0.0220183486238532,31.65137614678899,17250.0,33.438490032930986,0.0570642201834862,0.0350654969521618,31.1,33.45611301737094,12.316405620924924,0.0070920583975913,12.316405620924924,0.3361069841047182,0.4696188451868915,0.2817713071121349
5,2460,growth,1,572,358,207,7,572,0.3618881118881119,0.0122377622377622,30.403846153846153,17391.0,32.50241768110048,0.0246503496503496,0.0642317911961695,14.1,33.29076899848618,12.364122195677323,0.0053765822189351,12.364122195677323,0.3356344652245262,0.4693099817238145,0.2815859890342887
5,2470,growth,1,573,363,200,10,573,0.3490401396160558,0.0174520069808027,30.87783595113438,17693.0,33.24707421707233,0.0527050610820244,0.08013797779982,30.2,33.42459090134652,12.311753602136076,0.0052846341546115,12.311753602136076,0.3346690720657324,0.4678110275675189,0.2806866165405113
5,2480,growth,1,588,371,207,10,588,0.3520408163265306,0.0170068027210884,30.505102040816325,17937.0,32.95997106785677,0.0414965986394557,0.0561036499179139,24.4,33.44919872932694,12.29747950463068,0.0056931874414391,12.29747950463068,0.3346088537914537,0.4677413154764442,0.2806447892858665
5,2490,growth,1,610,379,220,11,610,0.360655737704918,0.0180327868852459,29.84262295081967,18204.0,32.39966632030049,0.0437704918032786,0.0628415520464787,26.7,33.22057943500456,12.405750552552645,0.0055025115247253,12.405750552552645,0.3365390287814984,0.4702357893710857,0.2821414736226514
5,2500,growth,1,614,377,224,13,614,0.3648208469055374,0.021172638436482,30.15309446254072,18514.0,32.94709976022329,0.0504885993485342,0.0758506184680454,31.0,33.27717562840117,12.468144246537832,0.005606716312978,12.468144246537832,0.3367672811344024,0.4703164162995829,0.2821898497797497
5,2510,growth,1,616,392,214,10,616,0.3474025974025974,0.0162337662337662,30.62012987012987,18862.0,33.680954741193105,0.0564935064935064,0.0840826084087421,34.8,33.820570352789645,12.231018204000089,0.0049731064623848,12.231018204000089,0.3338387360747771,0.4662798744853723,0.2797679246912233
5,2520,growth,1,617,390,211,16,617,0.3419773095623987,0.0259319286871961,31.13614262560778,19211.0,34.206434574467245,0.0565640194489465,0.0580068090553221,34.9,34.00131593917525,12.221006694257357,0.0056952445851965,12.221006694257357,0.3336988385972791,0.465778880652489,0.2794673283914934
5,2530,growth,1,617,400,208,9,617,0.3371150729335494,0.0145867098865478,31.649918962722857,19528.0,34.8579485041589,0.0513776337115072,0.0651513929691654,31.7,34.33802698187929,12.05760703229827,0.0064792782450129,12.05760703229827,0.3307467222642976,0.4619170989186849,0.2771502593512109
5,2540,growth,1,624,404,212,8,624,0.3397435897435897,0.0128205128205128,32.00961538461539,19974.0,35.27696911493937,0.0714743589743589,0.0810055289513025,44.6,34.50336374533482,11.958113639973677,0.0068155257476452,11.958113639973677,0.3298943058212875,0.4608038586769507,0.2764823152061704
5,2550,growth,1,630,408,208,14,630,0.3301587301587301,0.0222222222222222,32.13492063492063,20245.0,35.192268332224046,0.043015873015873,0.0251270351712665,27.1,34.43957417049105,12.04102435187688,0.0069860248353488,12.04102435187688,0.3302312550629906,0.4612372141145467,0.276742328468728
5,2560,growth,1,638,399,229,10,638,0.3589341692789968,0.0156739811912225,32.18495297805643,20534.0,35.45712277881778,0.0452978056426332,0.0706136808126324,28.9,34.18456767868472,12.23165646737272,0.0067893335894019,12.23165646737272,0.3309618461303614,0.4624284273001537,0.2774570563800922
5,2570,growth,1,637,400,228,9,637,0.3579277864992151,0.0141287284144427,32.67817896389325,20816.0,36.474602539086455,0.0442700156985871,0.0961817087146513,28.2,34.22322486895407,12.281595757374395,0.0062664974127791,12.281595757374395,0.3310868893389833,0.4623662471398292,0.2774197482838975
5,2580,growth,1,651,400,237,14,651,0.3640552995391705,0.021505376344086,32.36405529953917,21069.0,36.27021140583466,0.038863287250384,0.0580008921352216,25.3,33.878486567378594,12.49186210725714,0.0073060413187252,12.49186210725714,0.3340618362634298,0.4660584651345802,0.2796350790807481
5,2590,growth,1,652,399,241,12,652,0.3696319018404908,0.0184049079754601,32.71165644171779,21328.0,36.79499225382425,0.0397239263803681,0.058041000658749,25.9,33.91956706573627,12.51080977797874,0.0078606592943417,12.51080977797874,0.3338563962010615,0.4658102250513213,0.2794861350307928
5,2600,growth,1,651,397,243,11,651,0.3732718894009216,0.0168970814132104,33.187403993855604,21605.0,37.55238212198706,0.0425499231950844,0.070086914273451,27.7,33.8511700183382,12.538475089175726,0.0073717073352108,12.538475089175726,0.333573238586594,0.4654305599712581,0.2792583359827548
5,2610,growth,1,646,395,231,20,646,0.3575851393188854,0.0309597523219814,34.01238390092879,21972.0,38.29954601441374,0.0568111455108359,0.0456510780027407,36.7,33.89179144555201,12.526771819167092,0.0066797566980893,12.526771819167092,0.3338217482565353,0.4654267260744236,0.2792560356446542
5,2620,growth,1,634,395,224,15,634,0.3533123028391167,0.0236593059936908,35.064668769716086,22231.0,39.59263471248398,0.0408517350157728,0.0568176155210669,25.9,34.284485991444875,12.376865716574695,0.0073772304020408,12.376865716574695,0.331073010472971,0.4618022302947528,0.2770813381768517
5,2630,growth,1,624,394,220,10,624,0.3525641025641026,0.016025641025641,35.98878205128205,22457.0,40.63314770735227,0.0362179487179487,0.0406015643706688,22.6,34.554845806879875,12.278637759005411,0.0065719080276287,12.278637759005411,0.3285672536068979,0.4585348121819005,0.2751208873091403
5,2640,growth,1,621,391,217,13,621,0.3494363929146538,0.0209339774557165,36.74235104669887,22817.0,41.39801823958491,0.0579710144927536,0.0568575132680208,36.0,34.54831548589439,12.2863688574513,0.0068809598733335,12.2863688574513,0.3292786378804375,0.459051149762827,0.2754306898576962
5,2650,growth,1,626,395,220,11,626,0.3514376996805112,0.0175718849840255,36.9297124600639,23118.0,41.22250492961262,0.0480830670926517,0.0155141787787976,30.1,35.54581475638734,12.009121374581188,0.009570572928411,12.009121374581188,0.325296641704081,0.4531033955292688,0.2718620373175613
5,2660,growth,1,713,469,230,14,713,0.3225806451612903,0.0196353436185133,32.70406732117812,23318.0,35.330666984782816,0.0280504908835904,-0.0861882925367957,20.0,38.3603963263406,11.326845129442416,0.0165654528689122,11.326845129442416,0.3147082481854518,0.4360682778062826,0.2616409666837695
5,2670,growth,1,774,531,233,10,774,0.3010335917312661,0.0129198966408268,30.280361757105943,23437.0,32.62246308831897,0.0153746770025839,0.0076254354274858,11.9,40.34083340519158,10.701080273750216,0.0195543487294345,10.701080273750216,0.3066092269726073,0.4236486127350148,0.2541891676410089
5,2680,growth,1,805,554,239,12,805,0.2968944099378882,0.0149068322981366,29.39006211180124,23659.0,32.08076563769986,0.0275776397515527,0.0714571314272673,22.2,40.54791415670644,10.668728270293762,0.0217059762590304,10.668728270293762,0.3060245668680274,0.4223401420102434,0.253404085206146
5,2690,growth,1,818,570,239,9,818,0.2921760391198044,0.011002444987775,29.091687041564793,23797.0,32.27412245267761,0.0168704156479217,0.0703197833669797,13.8,40.69730224003127,10.55907343338929,0.0192195582053444,10.55907343338929,0.3042492329414752,0.419826584954668,0.2518959509728008
5,2700,growth,1,837,592,233,12,837,0.2783751493428912,0.014336917562724,28.59378733572282,23933.0,32.132441221029815,0.0162485065710872,0.0590945203956594,13.6,40.75436809270897,10.422453226012,0.0178748833891935,10.422453226012,0.3027993642428959,0.4178966964872654,0.2507380178923592
5,2710,growth,1,841,589,244,8,841,0.2901307966706302,0.0095124851367419,28.804994054696788,24225.0,32.92390847404562,0.0347205707491082,0.0944296937776944,29.2,40.61502733582124,10.49596276315866,0.0183637902256234,10.49596276315866,0.3031121691132836,0.4183574837671371,0.2510144902602823
5,2720,growth,1,851,601,230,20,851,0.2702702702702703,0.0235017626321974,28.73325499412456,24452.0,33.00082335152721,0.026674500587544,0.0463799818422203,22.7,40.49586284202638,10.473217857850564,0.017053732476754,10.473217857850564,0.3027293899575644,0.4178321401818567,0.250699284109114
5,2730,growth,1,845,610,228,7,845,0.2698224852071006,0.008284023668639,29.223668639053255,24694.0,34.13002910726875,0.0286390532544378,0.089488038283128,24.2,40.95061203206079,10.245764152749755,0.0172528220038312,10.245764152749755,0.2985138111092293,0.4125007383410082,0.2475004430046049
5,2740,growth,1,869,623,229,17,869,0.2635212888377445,0.0195627157652474,28.705408515535098,24945.0,33.5979606465997,0.0288837744533947,0.041053303366289,25.1,40.87235044802017,10.295246458437692,0.015866413898264,10.295246458437692,0.2991470613746551,0.4131293422090727,0.2478776053254436
5,2750,growth,1,884,639,233,12,884,0.2635746606334841,0.0135746606334841,28.511312217194572,25204.0,33.556352630459884,0.0292986425339366,0.0528493126053616,25.9,40.72753975186413,10.262402395991716,0.0136119507794847,10.262402395991716,0.2980930494699053,0.4123145841513413,0.2473887504908048
5,2760,growth,1,886,651,219,16,886,0.247178329571106,0.0180586907449209,28.660270880361175,25393.0,34.01825549640182,0.0213318284424379,0.0537650840277058,18.9,40.622203168158606,10.2471048146419,0.0140227175083184,10.2471048146419,0.2977468353550458,0.412071005147944,0.2472426030887664
5,2770,growth,1,887,646,228,13,887,0.2570462232243517,0.0146561443066516,28.91995490417136,25652.0,34.606330310344156,0.0291995490417136,0.0626426849451247,25.9,40.387056344257,10.368327334808791,0.0139219410858268,10.368327334808791,0.2986951992343223,0.413605627379886,0.2481633764279316
5,2780,growth,1,905,640,250,15,905,0.2762430939226519,0.0165745856353591,28.665193370165746,25942.0,34.32041537669482,0.0320441988950276,0.040238776865585,29.0,39.72707749888383,10.655247733737882,0.0131551571937845,10.655247733737882,0.3027900678967106,0.4193253543623045,0.2515952126173827
5,2790,growth,1,901,635,251,15,901,0.2785793562708102,0.0166481687014428,29.041065482796892,26166.0,35.173656734589336,0.0248612652608213,0.070087547386923,22.4,39.66216185566588,10.676618687386783,0.0133037990275449,10.676618687386783,0.3027093762871607,0.4193346733746602,0.2516008040247961
5,2800,growth,1,892,629,247,16,892,0.2769058295964126,0.0179372197309417,29.6109865470852,26413.0,36.116334684226544,0.0276905829596412,0.0587786794243372,24.7,39.66484393239555,10.684766032570144,0.0128466378957573,10.684766032570144,0.3029240202210645,0.4194259158515075,0.2516555495109045
5,2810,growth,1,895,623,255,17,895,0.2849162011173184,0.0189944134078212,29.76201117318436,26637.0,36.431867563258336,0.0250279329608938,0.0436593218755455,22.4,39.413989808705935,10.79467379447468,0.0123616905537609,10.79467379447468,0.3041708615758239,0.4212369934339033,0.252742196060342
5,2820,growth,1,890,618,249,23,890,0.2797752808988764,0.0258426966292134,30.208988764044943,26886.0,37.05289188770766,0.0279775280898876,0.0416350911172588,24.9,39.36677623170146,10.835681829358755,0.0120314047209087,10.835681829358755,0.3048320514216794,0.421938669690375,0.253163201814225
5,2830,growth,1,872,611,237,24,872,0.2717889908256881,0.0275229357798165,31.071100917431192,27094.0,38.1700847542614,0.0238532110091743,0.0352339593642348,20.8,39.66007821603653,10.75910818009475,0.012885454930212,10.75910818009475,0.3030002955875626,0.419438063783975,0.251662838270385
5,2840,growth,1,859,599,245,15,859,0.2852153667054715,0.0174621653084982,31.80791618160652,27323.0,39.39854986259629,0.0266589057043073,0.0650803755825695,22.9,39.67454954020774,10.807840897470747,0.0118198346799918,10.807840897470747,0.3025462948606536,0.4188478391029134,0.251308703461748
5,2850,growth,1,853,586,246,21,853,0.2883939038686987,0.0246189917936694,32.25556858147714,27514.0,39.90829130577454,0.0223915592028135,0.0232612135821182,19.1,39.52134182249116,10.88607785430631,0.0115044752693425,10.88607785430631,0.3037794155423954,0.4204183626153427,0.2522510175692056
5,2860,growth,1,839,576,246,17,839,0.2932061978545888,0.0202622169249106,33.08462455303933,27758.0,40.95168333997033,0.0290822407628128,0.0377461070809801,24.4,39.593806471387026,10.899060049201934,0.011694286736683,10.899060049201934,0.3033937292655097,0.4197439112629658,0.2518463467577794
5,2870,growth,1,831,565,242,24,831,0.2912154031287605,0.0288808664259927,33.54031287605295,27872.0,41.48835029556146,0.0137184115523465,0.0142426923437382,11.4,39.66873145304289,10.897176909963148,0.0116092513455969,10.897176909963148,0.3037243239253251,0.4198888200274853,0.2519332920164912
5,2880,growth,1,825,552,253,20,825,0.3066666666666666,0.0242424242424242,34.04121212121212,28084.0,41.88312704375296,0.0256969696969696,0.0093043291496508,21.2,39.43343554756858,11.088155142538476,0.0111639996081722,11.088155142538476,0.3048547173914651,0.4214692473001645,0.2528815483800987
5,2890,growth,1,815,542,251,22,815,0.3079754601226994,0.0269938650306748,34.52024539877301,28134.0,42.57031810971125,0.0061349693251533,0.0173287666648443,5.0,39.422495304879966,11.15713238547916,0.0110624238688587,11.15713238547916,0.3056713059398008,0.4223483087767737,0.2534089852660642
5,2900,growth,1,822,542,262,18,822,0.3187347931873479,0.0218978102189781,34.45133819951338,28319.0,42.50443261325214,0.0225060827250608,0.0296635460679548,18.5,39.139331546143026,11.310486207260702,0.0124161940454691,11.310486207260702,0.3078553983704112,0.4251967948017793,0.2551180768810676
5,2910,growth,1,810,532,251,27,810,0.3098765432098765,0.0333333333333333,35.06172839506173,28400.0,42.997176441145534,0.01,-0.0136951470080717,8.1,39.329298958954986,11.234029321906007,0.0125593351088973,11.234029321906007,0.3070641817480236,0.4239113367816439,0.2543468020689863
5,2920,growth,1,829,552,262,15,829,0.316043425814234,0.0180940892641737,34.336550060313634,28465.0,42.08743834179187,0.0078407720144752,0.007572191558212,6.5,40.52570243393699,10.959471519375883,0.0161055184804595,10.959471519375883,0.302073256797926,0.4163451075455834,0.24980706452735
5,2930,growth,1,886,600,258,28,886,0.291196388261851,0.0316027088036117,32.12979683972912,28467.0,38.45475512648813,0.0002257336343115,-0.0925026346813744,0.2,41.52497909085207,10.718511457233342,0.0198524346311816,10.718511457233342,0.2988820851052148,0.4112230340203313,0.2467338204121988
5,2940,growth,1,1007,731,259,17,1007,0.2571996027805363,0.0168818272095332,28.250248262164845,28448.0,32.76926727635858,-0.0018867924528301,-0.1064807244066922,-1.9,43.19477797170145,10.119384460025415,0.0231670147067648,10.119384460025415,0.2896468771089593,0.3984288522812891,0.2390573113687734
5,2950,growth,1,1084,805,262,17,1084,0.2416974169741697,0.0156826568265682,26.211254612546124,28413.0,30.0278701799822,-0.0032287822878228,-0.0413690841505888,-3.5,44.53528209190087,9.693736231525008,0.0255296403595709,9.693736231525008,0.2852175926960816,0.3913635856788124,0.2348181514072874
5,2960,growth,1,1083,815,257,11,1083,0.23730378578024,0.0101569713758079,26.274238227146817,28455.0,30.807073166936167,0.0038781163434903,0.0751476421690823,4.2,44.811091778791294,9.54931113671508,0.0281600329982857,9.54931113671508,0.2838897308222887,0.3894753959377888,0.2336852375626732
5,2970,growth,1,1084,813,255,16,1084,0.235239852398524,0.014760147601476,26.20018450184502,28401.0,31.51335644809962,-0.0049815498154981,0.0734703090358044,-5.4,44.71737450427235,9.512956814407422,0.0266084548835179,9.512956814407422,0.2838690908792413,0.3893783267200655,0.2336269960320393
5,2980,growth,1,1072,813,246,13,1072,0.2294776119402985,0.0121268656716417,26.512126865671643,28421.0,32.61942340366876,0.001865671641791,0.0753305502791902,2.0,44.908753099726205,9.394367406950956,0.0257884348014581,9.394367406950956,0.2817093084221146,0.3863582772490081,0.2318149663494048
5,2990,growth,1,1063,806,240,17,1063,0.2257761053621825,0.0159924741298212,26.768579492003763,28455.0,33.63380561857322,0.0031984948259642,0.0738206475832949,3.4,44.8624779135129,9.385815263243073,0.0252012628477669,9.385815263243073,0.2812238444368533,0.3855827944705027,0.2313496766823016
